{
  "catboost": 0.6047991056493408,
  "lightgbm": 0.34405960765091126,
  "xgboost": 0.05114128669974793
}